<archive xmlns="http://rs.tdwg.org/dwc/text/" metadata="eml.xml">
  <core encoding="utf-8" fieldsTerminatedBy="\t" linesTerminatedBy="\n" fieldsEnclosedBy='' ignoreHeaderLines="1" rowType="http://rs.tdwg.org/dwc/terms/Taxon">
    <files>
      <location>taxa.txt</location>
    </files>
    <id index="0" />
    <field index="0" term="http://rs.tdwg.org/dwc/terms/taxonID"/>
    <field index="1" term="http://rs.tdwg.org/dwc/terms/acceptedNameUsageID"/>
    <field index="2" term="http://rs.tdwg.org/dwc/terms/taxonomicStatus"/>
    <field index="3" term="http://rs.tdwg.org/dwc/terms/family"/>
    <field index="4" term="http://rs.tdwg.org/dwc/terms/genus"/>
    <field index="5" term="http://rs.tdwg.org/dwc/terms/specificEpithet"/>
    <field index="6" term="http://rs.tdwg.org/dwc/terms/infraspecificEpithet"/>
    <field index="7" term="http://rs.tdwg.org/dwc/terms/scientificName"/>
    <field index="8" term="http://rs.tdwg.org/dwc/terms/taxonRank"/>
    <field index="9" term="http://rs.tdwg.org/dwc/terms/scientificNameAuthorship"/>
    <field index="10" term="http://rs.tdwg.org/dwc/terms/nameAccordingTo"/>
    <field index="11" term="http://rs.tdwg.org/dwc/terms/nameAccordingToID"/>
    <field index="12" term="http://rs.tdwg.org/dwc/terms/scientificNameID"/>
    <field index="13" term="http://rs.tdwg.org/dwc/terms/namePublishedIn"/>
    
    <!-- link to original publication -->
    <field index="14" term="http://purl.org/dc/terms/references"/>
    
    <!-- defaults -->
    <field term="http://rs.tdwg.org/dwc/terms/kingdom" default="Plantae" />
    <field term="http://rs.tdwg.org/dwc/terms/nomenclaturalCode" default="ICNafp" />
  </core>
  
  <!-- bibliographic details  -->
  <!-- don't do for now as GBIF doesn't display them properly -->
  <!--
  <extension encoding="utf-8" fieldsTerminatedBy="\t" linesTerminatedBy="\n" fieldsEnclosedBy="" ignoreHeaderLines="1" rowType="http://rs.gbif.org/terms/1.0/Reference">
    <files>
      <location>references.txt</location>
    </files>
    <coreid index="0" />
    <field index="1" term="http://purl.org/dc/terms/identifier"/>
    <field index="2" term="http://purl.org/dc/terms/bibliographicCitation"/>
    <field index="3" term="http://purl.org/dc/terms/title"/>
    <field index="4" term="http://purl.org/dc/terms/creator"/>
    <field index="5" term="http://purl.org/dc/terms/date"/>
    <field index="6" term="http://purl.org/dc/terms/source"/>
    <field index="7" term="http://purl.org/dc/terms/type"/>
  </extension>
  -->
  
  <!-- bibliographic details, formatted citation  -->
  <extension encoding="utf-8" fieldsTerminatedBy="\t" linesTerminatedBy="\n" fieldsEnclosedBy="" ignoreHeaderLines="1" rowType="http://rs.gbif.org/terms/1.0/Reference">
    <files>
      <location>references.txt</location>
    </files>
    <coreid index="0" />
    <field index="1" term="http://purl.org/dc/terms/identifier"/>
    <field index="2" term="http://purl.org/dc/terms/bibliographicCitation"/>
  </extension>

  
  
</archive>
